ktp.source_key,ssn_min,ssn_q20,ssn_q40,ssn_median,ssn_q60,ssn_q80,ssn_max,works_min,works_q20,works_q40,works_median,works_q60,works_q80,works_max,cited_min,cited_q20,cited_q40,cited_median,cited_q60,cited_q80,cited_max,tukey_outlier_row_count,global_tukey_outlier_row_count,authorid_count,authorids_json,ssn_sum_hit_1pct_tukey_fragments_json,works_count_tukey_fragments_json,cited_by_count_tukey_fragments_json,tukey_priority_selected_fragment,max_works_rule_selected_fragment,flag,selected_fragments_same
"{""ktp.first_name"": ""A."", ""ktp.last_name"": ""Sheikh""}",2.0,6.200000000000001,8.0,8.5,9.8,30.400000000000006,2188.0,9.0,36.0,63.0,68.0,75.4,142.4,1963.0,146.0,616.6,1221.0,1571.0,2065.0,4320.8,162658.0,2,1,14,"[""A5026215303"",""A5039647575"",""A5041496759"",""A5041587191"",""A5034991492"",""A5034325991"",""A5011108358"",""A5086135664"",""A5021490071"",""A5035137570"",""A5008776496"",""A5111575965"",""A5015044134"",""A5015104984""]","[""A5026215303"",""A5021490071""]","[""A5026215303""]","[""A5026215303""]",A5026215303,A5026215303,true,true
"{""ktp.first_name"": ""Achim"", ""ktp.last_name"": ""Schwenk""}",2.0,127.8,253.6,316.5,379.4,505.2,631.0,78.0,142.8,207.60000000000002,240.0,272.4,337.20000000000005,402.0,3240.0,6583.6,9927.2,11599.0,13270.8,16614.4,19958.0,0,1,2,"[""A5078191461"",""A5067817297""]",[],[],[],,,true,true
"{""ktp.first_name"": ""Anders "", ""ktp.last_name"": ""Lyngfelt""}",,,,,,,,,,,,,,,,,,,,,,0,0,0,[],[],[],[],,,true,true
"{""ktp.first_name"": ""Anjana"", ""ktp.last_name"": ""Rao""}",2.0,2.0,2.0,2.0,100.99999999999997,299.00000000000006,497.0,3.0,4.6000000000000005,6.2,7.0,85.59999999999998,242.80000000000004,400.0,376.0,593.2,810.4,919.0,14699.799999999997,42261.4,69823.0,0,1,3,"[""A5080472610"",""A5111567163"",""A5070557985""]",[],[],[],,,true,true
"{""ktp.first_name"": ""Ary A"", ""ktp.last_name"": ""Hoffmann""}",,,,,,,,,,,,,,,,,,,,,,0,0,0,[],[],[],[],,,true,true
"{""ktp.first_name"": ""Baerbel-Maria"", ""ktp.last_name"": ""Kurth""}",,,,,,,,,,,,,,,,,,,,,,0,0,0,[],[],[],[],,,true,true
"{""ktp.first_name"": ""Baoshan "", ""ktp.last_name"": ""Xing""}",,,,,,,,,,,,,,,,,,,,,,0,0,0,[],[],[],[],,,true,true
"{""ktp.first_name"": ""Bernard"", ""ktp.last_name"": ""Prendergast""}",23.0,104.00000000000001,185.00000000000003,225.5,266.0,347.00000000000006,428.0,47.0,139.8,232.6,279.0,325.4,418.2,511.0,9806.0,15873.6,21941.2,24975.0,28008.8,34076.4,40144.0,0,2,2,"[""A5060916411"",""A5003165943""]",[],[],[],,,true,true
"{""ktp.first_name"": ""Brenda W. J. H."", ""ktp.last_name"": ""Penninx""}",19.0,491.40000000000003,963.8000000000001,1200.0,1436.1999999999998,1908.6000000000001,2381.0,2.0,355.80000000000007,709.6000000000001,886.5,1063.3999999999999,1417.2000000000003,1771.0,265.0,32763.800000000003,65262.600000000006,81512.0,97761.4,130260.20000000001,162759.0,0,1,2,"[""A5055183685"",""A5107414932""]",[],[],[],,,true,true
"{""ktp.first_name"": ""Bruce "", ""ktp.last_name"": ""Fischl""}",,,,,,,,,,,,,,,,,,,,,,0,0,0,[],[],[],[],,,true,true
"{""ktp.first_name"": ""C. Warren"", ""ktp.last_name"": ""Olanow""}",1.0,71.2,141.4,176.5,211.6,281.8,352.0,4.0,87.80000000000001,171.60000000000002,213.5,255.39999999999998,339.20000000000005,423.0,487.0,13906.000000000002,27325.000000000004,34034.5,40744.0,54163.00000000001,67582.0,0,1,2,"[""A5088654646"",""A5111593413""]",[],[],[],,,true,true
"{""ktp.first_name"": ""Cezmi A"", ""ktp.last_name"": ""Akdis""}",,,,,,,,,,,,,,,,,,,,,,0,0,0,[],[],[],[],,,true,true
"{""ktp.first_name"": ""Charles M"", ""ktp.last_name"": ""Lieber""}",,,,,,,,,,,,,,,,,,,,,,0,0,0,[],[],[],[],,,true,true
"{""ktp.first_name"": ""Charles M"", ""ktp.last_name"": ""Marcus""}",,,,,,,,,,,,,,,,,,,,,,0,0,0,[],[],[],[],,,true,true
"{""ktp.first_name"": ""Charles M"", ""ktp.last_name"": ""Rice""}",,,,,,,,,,,,,,,,,,,,,,0,0,0,[],[],[],[],,,true,true
"{""ktp.first_name"": ""Charles S."", ""ktp.last_name"": ""Fuchs""}",9.0,10.200000000000001,11.4,12.0,310.79999999999995,908.4000000000001,1506.0,1.0,2.6,4.2,5.0,342.3999999999999,1017.2000000000002,1692.0,720.0,1102.8,1485.6000000000001,1677.0,22316.199999999993,63594.60000000001,104873.0,0,1,3,"[""A5049314303"",""A5108097217"",""A5113548940""]",[],[],[],,,true,true
"{""ktp.first_name"": ""Chris R."", ""ktp.last_name"": ""Brewin""}",10.0,59.6,109.2,134.0,158.79999999999998,208.4,258.0,18.0,105.80000000000001,193.60000000000002,237.5,281.4,369.20000000000005,457.0,951.0,10075.199999999999,19199.399999999998,23761.5,28323.600000000002,37447.799999999996,46572.0,0,1,2,"[""A5074178806"",""A5109896174""]",[],[],[],,,true,true
"{""ktp.first_name"": ""Christos"", ""ktp.last_name"": ""Sotiriou""}",3.0,3.0,3.0,3.0,170.79999999999995,506.4000000000001,842.0,1.0,23.000000000000004,45.00000000000001,56.0,256.79999999999995,658.4000000000001,1060.0,771.0,1355.4,1939.8000000000002,2232.0,15463.599999999997,41926.80000000001,68390.0,0,1,3,"[""A5057269336"",""A5103066371"",""A5107851940""]",[],[],[],,,true,true
"{""ktp.first_name"": ""Chunsheng"", ""ktp.last_name"": ""Wang""}",1.0,2.8000000000000003,5.4,10.5,15.2,22.400000000000002,1421.0,2.0,19.6,68.00000000000001,88.5,99.79999999999998,169.60000000000002,709.0,83.0,447.8,1116.0,1299.5,1525.3999999999999,2779.4,75571.0,1,1,10,"[""A5100331428"",""A5100331430"",""A5100331419"",""A5100331417"",""A5100331432"",""A5045648611"",""A5100331420"",""A5101971748"",""A5100331418"",""A5043132263""]","[""A5100331428""]","[""A5100331428""]","[""A5100331428""]",A5100331428,A5100331428,false,true
"{""ktp.first_name"": ""Claire M"", ""ktp.last_name"": ""Fraser""}",,,,,,,,,,,,,,,,,,,,,,0,0,0,[],[],[],[],,,true,true
"{""ktp.first_name"": ""Dabing"", ""ktp.last_name"": ""Zhang""}",13.0,51.4,89.8,109.0,109.8,111.4,113.0,99.0,129.0,159.0,174.0,191.79999999999998,227.4,263.0,2912.0,5484.400000000001,8056.8,9343.0,10224.199999999999,11986.6,13749.0,0,2,3,"[""A5101447281"",""A5101447280"",""A5007370787""]",[],[],[],,,true,true
"{""ktp.first_name"": ""Daniel"", ""ktp.last_name"": ""Moran""}",3.0,45.60000000000001,75.0,76.5,78.0,152.20000000000007,262.0,82.0,106.00000000000001,138.0,162.0,186.0,222.8,254.0,463.0,4398.400000000001,7364.400000000001,7878.0,8391.599999999999,10102.400000000001,12155.0,1,2,4,"[""A5048498414"",""A5073593750"",""A5032560341"",""A5088896883""]","[""A5073593750""]",[],[],A5073593750,A5073593750,false,true
"{""ktp.first_name"": ""David A."", ""ktp.last_name"": ""Mills""}",3.0,49.0,95.0,118.0,140.99999999999997,187.0,233.0,99.0,149.0,199.0,224.0,249.0,299.0,349.0,641.0,7229.400000000001,13817.800000000001,17112.0,20406.2,26994.600000000002,33583.0,0,1,2,"[""A5083824130"",""A5023818202""]",[],[],[],,,true,true
"{""ktp.first_name"": ""David G."", ""ktp.last_name"": ""Koch""}",13.0,63.2,113.4,138.5,163.6,213.8,264.0,18.0,99.20000000000002,180.40000000000003,221.0,261.59999999999997,342.80000000000007,424.0,1323.0,6961.8,12600.6,15420.0,18239.4,23878.2,29517.0,0,1,2,"[""A5081377615"",""A5109343665""]",[],[],[],,,true,true
"{""ktp.first_name"": ""David"", ""ktp.last_name"": ""Haussler""}",3.0,3.8,8.8,12.0,20.0,249.6000000000002,1120.0,1.0,3.4000000000000004,5.2,6.0,7.199999999999999,151.2000000000001,720.0,1007.0,3167.0000000000005,6387.8,8175.0,9207.0,51848.40000000004,216222.0,1,3,5,"[""A5090849321"",""A5083310324"",""A5021660702"",""A5110187564"",""A5111988225""]","[""A5090849321""]","[""A5090849321""]","[""A5090849321""]",A5090849321,A5090849321,false,true
"{""ktp.first_name"": ""David"", ""ktp.last_name"": ""Reich""}",1.0,5.6,10.2,11.0,16.599999999999998,68.00000000000003,1824.0,1.0,5.800000000000001,17.2,18.0,60.39999999999999,171.4000000000001,496.0,73.0,566.4000000000001,1344.2000000000003,2205.0,2263.4,9101.400000000005,94498.0,2,2,9,"[""A5011819951"",""A5072386957"",""A5018470542"",""A5108072014"",""A5059678042"",""A5042554304"",""A5112445638"",""A5110220135"",""A5104778569""]","[""A5011819951"",""A5072386957""]","[""A5011819951"",""A5072386957""]","[""A5011819951"",""A5072386957""]",,A5011819951,true,false
"{""ktp.first_name"": ""Drew T"", ""ktp.last_name"": ""Shindell""}",,,,,,,,,,,,,,,,,,,,,,0,0,0,[],[],[],[],,,true,true
"{""ktp.first_name"": ""Elliott M."", ""ktp.last_name"": ""Antman""}",15.0,229.8,444.6,552.0,659.4,874.2,1089.0,13.0,180.4,347.8,431.5,515.2,682.6,850.0,6169.0,40149.2,74129.4,91119.5,108109.6,142089.8,176070.0,0,1,2,"[""A5019612250"",""A5111764737""]",[],[],[],,,true,true
"{""ktp.first_name"": ""Eugene B."", ""ktp.last_name"": ""Chang""}",13.0,48.4,83.8,101.5,119.2,154.6,190.0,66.0,161.20000000000002,256.40000000000003,304.0,351.59999999999997,446.8,542.0,2076.0,7411.000000000001,12746.000000000002,15413.5,18081.0,23416.000000000004,28751.0,0,1,2,"[""A5042231260"",""A5066895056""]",[],[],[],,,true,true
"{""ktp.first_name"": ""Gaoquan "", ""ktp.last_name"": ""Shi""}",,,,,,,,,,,,,,,,,,,,,,0,0,0,[],[],[],[],,,true,true
"{""ktp.first_name"": ""George D."", ""ktp.last_name"": ""Yancopoulos""}",4.0,183.8,363.6,453.5,543.4,723.2,903.0,35.0,159.4,283.8,346.0,408.2,532.6,657.0,2552.0,32862.200000000004,63172.4,78327.5,93482.6,123792.8,154103.0,0,1,2,"[""A5085672493"",""A5111766903""]",[],[],[],,,true,true
"{""ktp.first_name"": ""George Q"", ""ktp.last_name"": ""Daley""}",,,,,,,,,,,,,,,,,,,,,,0,0,0,[],[],[],[],,,true,true
"{""ktp.first_name"": ""Giuseppe "", ""ktp.last_name"": ""Viale""}",,,,,,,,,,,,,,,,,,,,,,0,0,0,[],[],[],[],,,true,true
"{""ktp.first_name"": ""Gokhan S."", ""ktp.last_name"": ""Hotamisligil""}",8.0,91.80000000000001,175.60000000000002,217.5,259.4,343.20000000000005,427.0,13.0,57.6,102.2,124.5,146.79999999999998,191.4,236.0,4800.0,21390.0,37980.0,46275.0,54570.0,71160.0,87750.0,0,1,2,"[""A5006982292"",""A5108122721""]",[],[],[],,,true,true
"{""ktp.first_name"": ""Hao"", ""ktp.last_name"": ""Wang""}",1.0,3.0,8.0,10.0,14.0,34.0,544.0,0.0,17.0,31.0,41.0,55.0,121.0,52103.0,0.0,243.0,510.0,693.0,1017.0,2348.0,712861.0,44,28,291,"[""A5100322864"",""A5080102032"",""A5100446064"",""A5100446107"",""A5012720408"",""A5100446059"",""A5006383854"",""A5100446035"",""A5011888902"",""A5029278847"",""A5100446167"",""A5100446223"",""A5115589352"",""A5029800638"",""A5100777828"",""A5100667659"",""A5100446173"",""A5054325051"",""A5100446031"",""A5100446222"",""A5076479301"",""A5100446090"",""A5100769024"",""A5100604358"",""A5100446043"",""A5100646375"",""A5100767460"",""A5100700757"",""A5100446072"",""A5015014802"",""A5004347227"",""A5100446182"",""A5100446027"",""A5100446023"",""A5100726670"",""A5100726177"",""A5009431721"",""A5100662422"",""A5100663938"",""A5051308309"",""A5066678888"",""A5100658894"",""A5100663368"",""A5100446069"",""A5072657419"",""A5014887356"",""A5100350324"",""A5100446197"",""A5114377976"",""A5100688193"",""A5101746323"",""A5050916794"",""A5100446146"",""A5100655167"",""A5100709888"",""A5100334476"",""A5019848399"",""A5100704211"",""A5100446065"",""A5100446079"",""A5100617695"",""A5100761265"",""A5100446084"",""A5100775989"",""A5100446026"",""A5100446232"",""A5088544652"",""A5100729663"",""A5102708245"",""A5100653154"",""A5023506304"",""A5011133470"",""A5100446112"",""A5100769481"",""A5100630524"",""A5100746692"",""A5100763060"",""A5100446238"",""A5100446066"",""A5101897731"",""A5100446171"",""A5067287220"",""A5100726254"",""A5101533496"",""A5101941841"",""A5100446062"",""A5100622942"",""A5100625423"",""A5008098227"",""A5008137898"",""A5100599811"",""A5100751499"",""A5079978898"",""A5100334467"",""A5100446236"",""A5041773009"",""A5100649232"",""A5033581609"",""A5100389479"",""A5100446092"",""A5100699550"",""A5100446160"",""A5100446219"",""A5100329761"",""A5101788133"",""A5100446071"",""A5100446115"",""A5081021817"",""A5100446198"",""A5100668732"",""A5100446135"",""A5100720670"",""A5100642827"",""A5100663370"",""A5100446020"",""A5018863756"",""A5047398944"",""A5101601481"",""A5002972480"",""A5100709113"",""A5102016676"",""A5100446116"",""A5100446165"",""A5100601030"",""A5101854659"",""A5100769478"",""A5100446086"",""A5100618081"",""A5100625424"",""A5058368229"",""A5066944562"",""A5100446046"",""A5100649227"",""A5101880175"",""A5100446196"",""A5100743778"",""A5100446097"",""A5100642829"",""A5101740092"",""A5113097815"",""A5067493083"",""A5100446159"",""A5101746319"",""A5100446147"",""A5043372064"",""A5005261550"",""A5050002532"",""A5014860637"",""A5079347067"",""A5101627309"",""A5111287762"",""A5100446039"",""A5100709109"",""A5100777123"",""A5102820328"",""A5072756969"",""A5100704212"",""A5100622951"",""A5100779936"",""A5101554766"",""A5101841508"",""A5064757411"",""A5100446113"",""A5100769486"",""A5100769488"",""A5101496082"",""A5101833046"",""A5000545770"",""A5100446089"",""A5100389474"",""A5100446145"",""A5100653162"",""A5101833050"",""A5102017407"",""A5100329760"",""A5100446153"",""A5100655160"",""A5074485681"",""A5086527243"",""A5100446127"",""A5100446209"",""A5100446053"",""A5100622952"",""A5100650962"",""A5100758582"",""A5014401578"",""A5100729454"",""A5100663935"",""A5100726255"",""A5100751501"",""A5100777000"",""A5088531616"",""A5100446151"",""A5100446230"",""A5100779860"",""A5035284131"",""A5100446083"",""A5100446140"",""A5100743772"",""A5100446102"",""A5100625425"",""A5100646373"",""A5100709826"",""A5100726250"",""A5100758581"",""A5103235296"",""A5100446081"",""A5101594008"",""A5112080886"",""A5101786222"",""A5101979833"",""A5011231655"",""A5100446166"",""A5101417289"",""A5100329770"",""A5100446119"",""A5100704216"",""A5110563125"",""A5012023483"",""A5100618086"",""A5100630525"",""A5101627566"",""A5101690875"",""A5105068544"",""A5100446124"",""A5100446168"",""A5100599815"",""A5100649231"",""A5101690876"",""A5100446180"",""A5100630523"",""A5100751502"",""A5101633263"",""A5017136811"",""A5100655833"",""A5104668720"",""A5056694985"",""A5077007050"",""A5100446110"",""A5100446138"",""A5100639618"",""A5051067002"",""A5100389475"",""A5100446142"",""A5027545217"",""A5031727471"",""A5100446055"",""A5100446204"",""A5101856502"",""A5114778108"",""A5100599814"",""A5100726669"",""A5100758810"",""A5101788134"",""A5101627565"",""A5055899197"",""A5100446057"",""A5100446240"",""A5101810566"",""A5101979832"",""A5102917741"",""A5047146657"",""A5100668726"",""A5100709887"",""A5104104327"",""A5054329314"",""A5066724117"",""A5070452233"",""A5074693178"",""A5100446205"",""A5102017406"",""A5013589923"",""A5109671538"",""A5047673777"",""A5086819422"",""A5057652906"",""A5084861282"",""A5100729665"",""A5009103240"",""A5030188746"",""A5015705093"",""A5064787862"",""A5100604363"",""A5102966318"",""A5034878116"",""A5040154266"",""A5064826982"",""A5098970430"",""A5102713587"",""A5103162173"",""A5115695341""]","[""A5100322864"",""A5080102032"",""A5100446064"",""A5100446107"",""A5100446059"",""A5006383854"",""A5100446035"",""A5011888902"",""A5029278847"",""A5100446167"",""A5100777828"",""A5100667659"",""A5100446173"",""A5054325051"",""A5100446031"",""A5076479301"",""A5100769024"",""A5100604358"",""A5100446043"",""A5004347227"",""A5100446182"",""A5009431721"",""A5100662422"",""A5100663938"",""A5100663368"",""A5100446197"",""A5114377976"",""A5100446084"",""A5100446232"",""A5011133470"",""A5100769486""]","[""A5100322864"",""A5080102032"",""A5100446064"",""A5100446107"",""A5012720408"",""A5100446059"",""A5006383854"",""A5100446035"",""A5011888902"",""A5029278847"",""A5100446167"",""A5100446223"",""A5115589352"",""A5029800638"",""A5100777828"",""A5100667659"",""A5100446173"",""A5054325051"",""A5100446031"",""A5100446222"",""A5076479301"",""A5100446090"",""A5100769024"",""A5100604358"",""A5100446043"",""A5100646375"",""A5100767460"",""A5100700757""]","[""A5100322864"",""A5080102032"",""A5100446064"",""A5100446107"",""A5100446059"",""A5006383854"",""A5100446035"",""A5011888902"",""A5029278847"",""A5100446167"",""A5100446223"",""A5029800638"",""A5100777828"",""A5100667659"",""A5100446173"",""A5054325051"",""A5100446031"",""A5100446222"",""A5076479301"",""A5100446090"",""A5100769024"",""A5100604358"",""A5100446043"",""A5100646375"",""A5100446182"",""A5009431721"",""A5100663938"",""A5100663368"",""A5072657419"",""A5050916794"",""A5100446146"",""A5011133470"",""A5100751499""]",,A5100322864,true,false
"{""ktp.first_name"": ""He"", ""ktp.last_name"": ""Yan""}",1.0,2.8000000000000007,7.0,10.0,12.0,26.0,2074.0,5.0,38.8,77.4,84.5,110.39999999999999,152.40000000000003,458.0,16.0,367.20000000000005,759.8,921.0,1530.9999999999998,3073.000000000001,49258.0,4,2,40,"[""A5058196030"",""A5100755001"",""A5087287145"",""A5061934100"",""A5049215942"",""A5085186302"",""A5100416439"",""A5057054017"",""A5035921680"",""A5100702224"",""A5002778560"",""A5101436387"",""A5087153019"",""A5060106897"",""A5083633867"",""A5086967620"",""A5100457897"",""A5054440760"",""A5101469422"",""A5085550373"",""A5100457894"",""A5101788690"",""A5072765950"",""A5109299913"",""A5101436388"",""A5101970981"",""A5102791255"",""A5086460860"",""A5024374027"",""A5012016834"",""A5065550114"",""A5027905668"",""A5101353578"",""A5100755000"",""A5101928719"",""A5100651586"",""A5102315585"",""A5100702225"",""A5103959962"",""A5102204608""]","[""A5058196030"",""A5100755001"",""A5057054017"",""A5100702224""]","[""A5058196030""]","[""A5058196030"",""A5057054017"",""A5100702224""]",A5058196030,A5058196030,true,true
"{""ktp.first_name"": ""Henrik"", ""ktp.last_name"": ""Zetterberg""}",5.0,187.4,369.8,461.0,1316.3999999999999,3027.2000000000007,4738.0,19.0,155.4,291.8,360.0,966.5999999999998,2179.8,3393.0,148.0,2324.8,4501.6,5590.0,31837.199999999993,84331.6,136826.0,0,2,3,"[""A5079766290"",""A5111750310"",""A5111354912""]",[],[],[],,,true,true
"{""ktp.first_name"": ""Hsien-Da"", ""ktp.last_name"": ""Huang""}",2.0,4.4,6.800000000000001,8.0,45.19999999999999,119.60000000000002,194.0,8.0,9.600000000000001,11.200000000000001,12.0,66.79999999999998,176.40000000000003,286.0,668.0,846.8,1025.6,1115.0,4994.199999999999,12752.600000000002,20511.0,0,1,3,"[""A5040277769"",""A5109351551"",""A5111820971""]",[],[],[],,,true,true
"{""ktp.first_name"": ""Huaiyu Y"", ""ktp.last_name"": ""Mi""}",,,,,,,,,,,,,,,,,,,,,,0,0,0,[],[],[],[],,,true,true
"{""ktp.first_name"": ""Isabelle"", ""ktp.last_name"": ""Soerjomataram""}",8.0,103.60000000000001,199.20000000000002,247.0,294.79999999999995,390.40000000000003,486.0,16.0,79.4,142.8,174.5,206.2,269.6,333.0,235.0,47264.8,94294.6,117809.5,141324.4,188354.2,235384.0,0,1,2,"[""A5057880586"",""A5063894502""]",[],[],[],,,true,true
"{""ktp.first_name"": ""Ivo"", ""ktp.last_name"": ""Labbe""}",36.0,89.60000000000001,143.20000000000002,170.0,196.8,250.4,304.0,47.0,125.00000000000001,203.0,242.0,281.0,359.0,437.0,3638.0,8453.800000000001,13269.6,15677.5,18085.4,22901.2,27717.0,0,1,2,"[""A5040520737"",""A5107896975""]",[],[],[],,,true,true
"{""ktp.first_name"": ""Jaakko"", ""ktp.last_name"": ""Tuomilehto""}",3.0,6.0,27.0,50.0,55.0,295.0,1453.0,1.0,3.0,16.0,92.0,140.0,227.0,1043.0,308.0,1492.0,4086.0,8130.0,9388.0,27652.0,150177.0,2,6,11,"[""A5101494461"",""A5101494462"",""A5101494463"",""A5013559526"",""A5110383975"",""A5109158757"",""A5108145339"",""A5107884099"",""A5108107455"",""A5107430826"",""A5110717062""]","[""A5101494461"",""A5101494462""]","[""A5101494461"",""A5101494462""]","[""A5101494461"",""A5101494462""]",,A5101494461,true,false
"{""ktp.first_name"": ""Jacomine "", ""ktp.last_name"": ""Krijnse-Locker""}",,,,,,,,,,,,,,,,,,,,,,0,0,0,[],[],[],[],,,true,true
"{""ktp.first_name"": ""Jay D"", ""ktp.last_name"": ""Keasling""}",,,,,,,,,,,,,,,,,,,,,,0,0,0,[],[],[],[],,,true,true
"{""ktp.first_name"": ""Jeffrey A."", ""ktp.last_name"": ""Lieberman""}",9.0,17.0,25.000000000000004,29.0,122.59999999999998,309.80000000000007,497.0,83.0,88.60000000000001,94.2,97.0,259.4,584.2,909.0,3148.0,4617.6,6087.2,6822.0,23902.999999999993,58065.000000000015,92227.0,0,1,3,"[""A5075093461"",""A5113596531"",""A5111744087""]",[],[],[],,,true,true
"{""ktp.first_name"": ""Jiaguo"", ""ktp.last_name"": ""Yu""}",34.0,125.60000000000001,217.20000000000002,263.0,878.5999999999998,2109.8,3341.0,6.0,21.6,37.2,45.0,236.99999999999994,621.0000000000001,1005.0,1713.0,4765.400000000001,7817.800000000001,9344.0,42182.79999999999,107860.40000000002,173538.0,0,2,3,"[""A5100423139"",""A5110561519"",""A5101814721""]",[],[],[],,,true,true
"{""ktp.first_name"": ""Jingbo"", ""ktp.last_name"": ""Li""}",5.0,14.4,26.6,30.5,34.6,108.20000000000006,522.0,7.0,27.000000000000004,53.0,56.0,83.80000000000003,363.20000000000016,642.0,173.0,298.6,452.6,951.5,2085.8000000000006,7527.600000000003,32802.0,2,2,8,"[""A5100690872"",""A5100690874"",""A5100690866"",""A5100690867"",""A5100690870"",""A5100690869"",""A5079496360"",""A5068810065""]","[""A5100690872"",""A5100690874""]","[""A5100690872""]","[""A5100690872""]",A5100690872,A5100690872,true,true
"{""ktp.first_name"": ""John"", ""ktp.last_name"": ""Haanen""}",10.0,127.4,244.8,303.5,362.2,479.6,597.0,22.0,194.8,367.6,454.0,540.4,713.2,886.0,296.0,17184.2,34072.4,42516.5,50960.6,67848.8,84737.0,0,1,2,"[""A5017136846"",""A5041502580""]",[],[],[],,,true,true
"{""ktp.first_name"": ""Kenneth G"", ""ktp.last_name"": ""Cassman""}",,,,,,,,,,,,,,,,,,,,,,0,0,0,[],[],[],[],,,true,true
"{""ktp.first_name"": ""Kinam"", ""ktp.last_name"": ""Park""}",4.0,5.6,7.2,8.0,65.19999999999999,179.60000000000002,294.0,4.0,19.2,34.4,42.0,176.59999999999997,445.80000000000007,715.0,409.0,517.4,625.8,680.0,7817.799999999998,22093.4,36369.0,0,1,3,"[""A5056562604"",""A5103061977"",""A5110094776""]",[],[],[],,,true,true
"{""ktp.first_name"": ""Kuishuang"", ""ktp.last_name"": ""Feng""}",145.0,251.8,358.6,412.0,465.4,572.2,679.0,277.0,286.0,295.0,299.5,304.0,313.0,322.0,12410.0,13454.0,14498.0,15020.0,15542.0,16586.0,17630.0,0,2,2,"[""A5076843232"",""A5049493168""]",[],[],[],,,true,true
"{""ktp.first_name"": ""Ling"", ""ktp.last_name"": ""Shao""}",1.0,1.0,13.0,15.5,18.0,25.0,1180.0,4.0,19.0,36.0,49.5,63.0,88.0,1082.0,85.0,272.0,597.0,1146.0,1695.0,2707.0,56275.0,1,1,6,"[""A5082634513"",""A5026123578"",""A5100527090"",""A5101033410"",""A5100939136"",""A5072207362""]","[""A5082634513""]","[""A5082634513""]","[""A5082634513""]",A5082634513,A5082634513,false,true
"{""ktp.first_name"": ""Luis"", ""ktp.last_name"": ""Martinez""}",1.0,2.6000000000000005,5.200000000000001,7.0,9.8,37.60000000000003,653.0,2.0,22.200000000000003,36.2,60.0,88.80000000000003,130.80000000000004,812.0,74.0,304.2,722.0000000000002,1255.0,1875.8000000000002,3370.800000000002,25950.0,7,4,29,"[""A5009797333"",""A5010037206"",""A5065326739"",""A5055999164"",""A5023368508"",""A5084637573"",""A5008667687"",""A5013018406"",""A5063571736"",""A5027803815"",""A5071055666"",""A5053009982"",""A5101937454"",""A5109383240"",""A5090061455"",""A5112087606"",""A5101864004"",""A5029383953"",""A5001522848"",""A5068019375"",""A5077747601"",""A5037606710"",""A5001941220"",""A5100657051"",""A5067898915"",""A5100784353"",""A5109556586"",""A5012738123"",""A5067095582""]","[""A5009797333"",""A5010037206"",""A5065326739"",""A5027803815"",""A5071055666""]","[""A5009797333"",""A5010037206"",""A5065326739"",""A5055999164"",""A5023368508""]","[""A5009797333"",""A5010037206"",""A5065326739""]",,A5009797333,true,false
"{""ktp.first_name"": ""M. Arfan"", ""ktp.last_name"": ""Ikram""}",1.0,25.000000000000004,49.00000000000001,61.0,271.3999999999999,692.2,1113.0,8.0,8.8,9.6,10.0,355.5999999999999,1046.8000000000002,1738.0,154.0,4842.8,9531.6,11876.0,30012.799999999996,66286.40000000001,102560.0,0,2,3,"[""A5036303967"",""A5108126798"",""A5106764950""]",[],[],[],,,true,true
"{""ktp.first_name"": ""Mark J"", ""ktp.last_name"": ""Caulfield""}",,,,,,,,,,,,,,,,,,,,,,0,0,0,[],[],[],[],,,true,true
"{""ktp.first_name"": ""Mark S."", ""ktp.last_name"": ""Sulkowski""}",12.0,81.39999999999999,150.79999999999998,185.5,220.20000000000002,289.59999999999997,359.0,24.0,139.2,254.4,312.0,369.6,484.8,600.0,1494.0,10080.400000000001,18666.800000000003,22960.0,27253.199999999997,35839.600000000006,44426.0,0,1,2,"[""A5054201295"",""A5104052360""]",[],[],[],,,true,true
"{""ktp.first_name"": ""Mark"", ""ktp.last_name"": ""Woodward""}",2.0,4.4,8.600000000000001,12.5,16.4,1014.6000000000008,2508.0,3.0,30.000000000000004,58.00000000000001,73.0,87.99999999999999,732.4000000000005,1684.0,660.0,1733.4000000000003,2571.0,2754.0,2937.0,58575.40000000005,141850.0,1,1,4,"[""A5037890696"",""A5109002604"",""A5101594151"",""A5108107450""]","[""A5037890696""]","[""A5037890696""]","[""A5037890696""]",A5037890696,A5037890696,false,true
"{""ktp.first_name"": ""Matthew K"", ""ktp.last_name"": ""Nock""}",,,,,,,,,,,,,,,,,,,,,,0,0,0,[],[],[],[],,,true,true
"{""ktp.first_name"": ""Mercouri G."", ""ktp.last_name"": ""Kanatzidis""}",38.0,417.2,796.4,986.0,1175.6,1554.8,1934.0,151.0,703.8,1256.6,1533.0,1809.4,2362.2,2915.0,3745.0,36044.6,68344.2,84494.0,100643.8,132943.4,165243.0,0,1,2,"[""A5035758112"",""A5113217987""]",[],[],[],,,true,true
"{""ktp.first_name"": ""Mercouri"", ""ktp.last_name"": ""Kanatzidis""}",38.0,417.2,796.4,986.0,1175.6,1554.8,1934.0,151.0,703.8,1256.6,1533.0,1809.4,2362.2,2915.0,3745.0,36044.6,68344.2,84494.0,100643.8,132943.4,165243.0,0,1,2,"[""A5035758112"",""A5113217987""]",[],[],[],,,true,true
"{""ktp.first_name"": ""Michael A."", ""ktp.last_name"": ""Matthay""}",5.0,186.4,367.8,458.5,549.1999999999999,730.6,912.0,46.0,293.20000000000005,540.4000000000001,664.0,787.5999999999999,1034.8000000000002,1282.0,1931.0,26287.2,50643.4,62821.5,74999.59999999999,99355.8,123712.0,0,1,2,"[""A5052576862"",""A5113560954""]",[],[],[],,,true,true
"{""ktp.first_name"": ""Michael J."", ""ktp.last_name"": ""Mack""}",11.0,265.8,520.6,648.0,775.4,1030.2,1285.0,77.0,340.8,604.6,736.5,868.4,1132.2,1396.0,1453.0,28094.4,54735.8,68056.5,81377.2,108018.6,134660.0,0,1,2,"[""A5019062163"",""A5114210721""]",[],[],[],,,true,true
"{""ktp.first_name"": ""Mingchuan"", ""ktp.last_name"": ""Luo""}",8.0,16.0,24.0,28.0,96.79999999999998,234.40000000000003,372.0,4.0,10.8,17.6,21.0,39.599999999999994,76.8,114.0,22.0,462.8,903.6,1124.0,3866.7999999999997,9352.400000000001,14838.0,0,1,3,"[""A5001987994"",""A5102717385"",""A5101371461""]",[],[],[],,,true,true
"{""ktp.first_name"": ""Muhammad"", ""ktp.last_name"": ""Bilal""}",1.0,3.4000000000000004,7.4,8.0,12.799999999999994,55.6,720.0,2.0,13.4,32.8,48.5,60.99999999999999,112.6,1515.0,24.0,168.6,396.0,501.0,713.9999999999999,2506.0,43807.0,6,5,32,"[""A5100439310"",""A5065527380"",""A5043302955"",""A5059100221"",""A5064138855"",""A5025123510"",""A5036774258"",""A5012666416"",""A5101905811"",""A5089597978"",""A5038539552"",""A5101940975"",""A5039366334"",""A5011952660"",""A5100661270"",""A5108106745"",""A5048151597"",""A5068196582"",""A5029659886"",""A5083282963"",""A5100710764"",""A5101475144"",""A5101727149"",""A5100661271"",""A5101610134"",""A5101757315"",""A5028569460"",""A5064348578"",""A5100439318"",""A5031643080"",""A5111005051"",""A5100685608""]","[""A5100439310"",""A5043302955"",""A5059100221"",""A5025123510"",""A5101940975""]","[""A5100439310"",""A5065527380"",""A5043302955""]","[""A5100439310"",""A5101940975""]",,A5100439310,true,false
"{""ktp.first_name"": ""Nathaniel L"", ""ktp.last_name"": ""Rosi""}",,,,,,,,,,,,,,,,,,,,,,0,0,0,[],[],[],[],,,true,true
"{""ktp.first_name"": ""Padmanee"", ""ktp.last_name"": ""Sharma""}",5.0,94.0,183.0,227.5,272.0,361.0,450.0,4.0,187.2,370.4,462.0,553.6,736.8,920.0,1866.0,13783.2,25700.4,31659.0,37617.6,49534.8,61452.0,0,1,2,"[""A5071033599"",""A5108107844""]",[],[],[],,,true,true
"{""ktp.first_name"": ""Patrick"", ""ktp.last_name"": ""Cramer""}",3.0,88.80000000000001,174.60000000000002,217.5,260.4,346.20000000000005,432.0,1.0,106.2,211.4,264.0,316.59999999999997,421.8,527.0,7.0,7381.800000000001,14756.600000000002,18444.0,22131.399999999998,29506.200000000004,36881.0,0,1,2,"[""A5008281609"",""A5113233805""]",[],[],[],,,true,true
"{""ktp.first_name"": ""Paul G"", ""ktp.last_name"": ""Richardson""}",,,,,,,,,,,,,,,,,,,,,,0,0,0,[],[],[],[],,,true,true
"{""ktp.first_name"": ""Peng"", ""ktp.last_name"": ""Wang""}",1.0,3.0,10.0,12.5,18.0,34.0,683.0,0.0,19.0,45.0,61.5,83.0,146.0,52103.0,0.0,311.0,686.0,967.0,1246.0,2856.0,712861.0,36,24,236,"[""A5100322864"",""A5100396117"",""A5100396151"",""A5100395938"",""A5100395960"",""A5115602728"",""A5100722404"",""A5047918553"",""A5100396050"",""A5100395923"",""A5006846674"",""A5100395956"",""A5032716699"",""A5100396091"",""A5100396007"",""A5115602742"",""A5100396067"",""A5115594948"",""A5100396178"",""A5100396039"",""A5100634561"",""A5100396024"",""A5011130586"",""A5100710188"",""A5005268529"",""A5100395986"",""A5100396043"",""A5100396097"",""A5100396053"",""A5115592205"",""A5115602726"",""A5042753661"",""A5100396036"",""A5100395961"",""A5100396065"",""A5100396115"",""A5100378928"",""A5100718709"",""A5112361900"",""A5080808588"",""A5100395997"",""A5100395990"",""A5100396046"",""A5100737964"",""A5036956392"",""A5038386828"",""A5058176560"",""A5060679578"",""A5100396064"",""A5100651198"",""A5100396123"",""A5100396054"",""A5100396082"",""A5101906227"",""A5100395998"",""A5034056469"",""A5100396141"",""A5100395917"",""A5100396092"",""A5051764208"",""A5100395940"",""A5043351160"",""A5025947987"",""A5100395894"",""A5100396068"",""A5100396017"",""A5087403317"",""A5100396045"",""A5100396076"",""A5100396111"",""A5101779357"",""A5100396056"",""A5100395893"",""A5100396152"",""A5100395932"",""A5100396153"",""A5100396173"",""A5100396133"",""A5077232935"",""A5100706337"",""A5100395946"",""A5100396008"",""A5100395944"",""A5102024064"",""A5100395908"",""A5100395981"",""A5100396095"",""A5100395959"",""A5100396028"",""A5038563924"",""A5100395958"",""A5013949230"",""A5100395929"",""A5100395934"",""A5060907389"",""A5100395912"",""A5100395980"",""A5100624268"",""A5100395930"",""A5100396127"",""A5100396063"",""A5100396052"",""A5100396168"",""A5100396131"",""A5020329188"",""A5100396018"",""A5100706339"",""A5100378937"",""A5100396108"",""A5100395891"",""A5100396124"",""A5100395978"",""A5100395977"",""A5100395924"",""A5100396146"",""A5100396175"",""A5024476920"",""A5100395954"",""A5100395903"",""A5101815170"",""A5018799884"",""A5023719589"",""A5088508929"",""A5100395976"",""A5100396164"",""A5100396090"",""A5075331982"",""A5100395890"",""A5100610365"",""A5100396021"",""A5010733532"",""A5100396134"",""A5100629570"",""A5103086256"",""A5100395982"",""A5021218307"",""A5100396145"",""A5100396150"",""A5102933607"",""A5088945087"",""A5100395909"",""A5100396001"",""A5108049097"",""A5100395992"",""A5100396163"",""A5100396129"",""A5100396139"",""A5062870270"",""A5100378939"",""A5100396113"",""A5102869433"",""A5021991305"",""A5100396089"",""A5074381504"",""A5100395898"",""A5101779359"",""A5100395971"",""A5100706333"",""A5100395939"",""A5100395983"",""A5101959606"",""A5100396154"",""A5100396006"",""A5038937154"",""A5100395925"",""A5100396110"",""A5100417886"",""A5100605254"",""A5100395947"",""A5100396174"",""A5101779356"",""A5048334112"",""A5100396003"",""A5100396058"",""A5090747871"",""A5100396004"",""A5100396011"",""A5100396109"",""A5100395950"",""A5100395993"",""A5100396061"",""A5101959298"",""A5100396060"",""A5100378931"",""A5037839558"",""A5100395900"",""A5100395984"",""A5107809134"",""A5100395911"",""A5100395896"",""A5100395907"",""A5100396037"",""A5100741647"",""A5030785273"",""A5043600811"",""A5100395899"",""A5101914018"",""A5006127356"",""A5100395964"",""A5100395974"",""A5100396031"",""A5100396100"",""A5100396172"",""A5100629563"",""A5084327338"",""A5100395941"",""A5100396102"",""A5100396176"",""A5033365293"",""A5100395999"",""A5100396030"",""A5100396033"",""A5100396009"",""A5100624263"",""A5100396071"",""A5100396144"",""A5100605246"",""A5100396104"",""A5101959297"",""A5100639031"",""A5049174277"",""A5100396119"",""A5086415247"",""A5001560239"",""A5100395927"",""A5100396122"",""A5039151140"",""A5062769148"",""A5100718714"",""A5113416747"",""A5053880128"",""A5102720364"",""A5038208285"",""A5075214240"",""A5079186106"",""A5115695535""]","[""A5100322864"",""A5100396117"",""A5100396151"",""A5100395938"",""A5100395960"",""A5115602728"",""A5100722404"",""A5100396050"",""A5115602742"",""A5100396039"",""A5100395986"",""A5100396097"",""A5100396065"",""A5112361900"",""A5080808588"",""A5038386828"",""A5100396064"",""A5100396082"",""A5100395917"",""A5087403317"",""A5100395946"",""A5020329188"",""A5100395977""]","[""A5100322864"",""A5100396117"",""A5100396151"",""A5100395938"",""A5100395960"",""A5115602728"",""A5100722404"",""A5047918553"",""A5100396050"",""A5100395923"",""A5006846674"",""A5100395956"",""A5032716699"",""A5100396091"",""A5100396007"",""A5115602742"",""A5100396067"",""A5115594948"",""A5100396178"",""A5100396039"",""A5100634561""]","[""A5100322864"",""A5100396117"",""A5100396151"",""A5100395938"",""A5100395960"",""A5115602728"",""A5100722404"",""A5047918553"",""A5100396050"",""A5100395923"",""A5032716699"",""A5100396007"",""A5115602742"",""A5100396039"",""A5100395986"",""A5100396097"",""A5100396053"",""A5100396065"",""A5112361900"",""A5038386828"",""A5100395940""]",,A5100322864,true,false
"{""ktp.first_name"": ""Peter M"", ""ktp.last_name"": ""Visscher""}",,,,,,,,,,,,,,,,,,,,,,0,0,0,[],[],[],[],,,true,true
"{""ktp.first_name"": ""Philippe"", ""ktp.last_name"": ""Genereux""}",141.0,215.8,290.6,328.0,365.4,440.2,515.0,91.0,170.20000000000002,249.4,289.0,328.59999999999997,407.8,487.0,6441.0,10930.2,15419.400000000001,17664.0,19908.600000000002,24397.800000000003,28887.0,0,2,2,"[""A5007377189"",""A5107899547""]",[],[],[],,,true,true
"{""ktp.first_name"": ""Ramamoorthy"", ""ktp.last_name"": ""Ramesh""}",10.0,163.0,316.0,392.5,469.0,622.0,775.0,18.0,201.60000000000002,385.20000000000005,477.0,568.8000000000001,752.4000000000001,936.0,690.0,14121.0,27552.0,34267.5,40983.0,54414.0,67845.0,0,1,2,"[""A5014493844"",""A5103393141""]",[],[],[],,,true,true
"{""ktp.first_name"": ""Rasmus"", ""ktp.last_name"": ""Nielsenlo""}",,,,,,,,,,,,,,,,,,,,,,0,0,0,[],[],[],[],,,true,true
"{""ktp.first_name"": ""Reinette"", ""ktp.last_name"": ""Biggs""}",139.0,210.20000000000002,281.4,317.0,352.6,423.8,495.0,36.0,49.00000000000001,62.00000000000001,68.5,75.0,88.00000000000001,101.0,4447.0,7848.400000000001,11249.800000000001,12950.5,14651.199999999999,18052.600000000002,21454.0,0,2,2,"[""A5083285683"",""A5055937459""]",[],[],[],,,true,true
"{""ktp.first_name"": ""Renu"", ""ktp.last_name"": ""Virmani""}",5.0,8.2,11.4,13.0,196.59999999999997,563.8000000000002,931.0,6.0,14.8,23.6,28.0,333.5999999999999,944.8000000000002,1556.0,272.0,1204.4,2136.8,2603.0,26705.799999999996,74911.40000000001,123117.0,0,1,3,"[""A5071287538"",""A5109187053"",""A5104688994""]",[],[],[],,,true,true
"{""ktp.first_name"": ""Richard A."", ""ktp.last_name"": ""Flavell""}",15.0,30.6,46.2,54.0,369.5999999999999,1000.8000000000002,1632.0,9.0,39.0,69.0,84.0,369.3999999999999,940.2000000000002,1511.0,1694.0,4655.2,7616.400000000001,9097.0,51464.79999999999,136200.4,220936.0,0,2,3,"[""A5064443404"",""A5111506139"",""A5110187215""]",[],[],[],,,true,true
"{""ktp.first_name"": ""Richard J."", ""ktp.last_name"": ""Youle""}",1.0,3.0000000000000004,5.000000000000001,6.0,110.39999999999998,319.20000000000005,528.0,2.0,2.4000000000000004,2.8000000000000003,3.0,65.79999999999998,191.4,317.0,487.0,645.4000000000001,803.8000000000001,883.0,16337.199999999995,47245.600000000006,78154.0,0,1,3,"[""A5016723424"",""A5113544593"",""A5111905511""]",[],[],[],,,true,true
"{""ktp.first_name"": ""Robin L."", ""ktp.last_name"": ""Carhart-Harris""}",152.0,244.0,336.0,382.0,428.0,520.0,612.0,123.0,144.4,165.8,176.5,187.2,208.6,230.0,4964.0,8152.4,11340.8,12935.0,14529.2,17717.6,20906.0,0,2,2,"[""A5038609897"",""A5072682798""]",[],[],[],,,true,true
"{""ktp.first_name"": ""Ronald C."", ""ktp.last_name"": ""Petersen""}",1.0,9.8,13.4,14.0,22.399999999999995,137.60000000000008,1680.0,4.0,6.800000000000001,17.200000000000006,28.0,31.599999999999998,163.6000000000001,1895.0,696.0,3243.0000000000014,9229.4,10049.0,10089.8,15497.000000000004,173363.0,1,5,7,"[""A5045246745"",""A5110342810"",""A5109999401"",""A5107890805"",""A5111432714"",""A5113658445"",""A5109933516""]","[""A5045246745""]","[""A5045246745""]","[""A5045246745""]",A5045246745,A5045246745,false,true
"{""ktp.first_name"": ""Roy S"", ""ktp.last_name"": ""Herbst""}",,,,,,,,,,,,,,,,,,,,,,0,0,0,[],[],[],[],,,true,true
"{""ktp.first_name"": ""Seung-Jung"", ""ktp.last_name"": ""Park""}",4.0,6.0,8.0,15.0,22.0,66.0,556.0,2.0,2.0,5.0,16.0,27.0,616.0,968.0,137.0,156.0,492.0,837.0,1182.0,9291.0,32499.0,1,2,6,"[""A5103118075"",""A5065417122"",""A5108834136"",""A5111347475"",""A5067107329"",""A5111847502""]","[""A5103118075""]",[],"[""A5103118075""]",A5103118075,A5103118075,false,true
"{""ktp.first_name"": ""Sheng"", ""ktp.last_name"": ""Dai""}",2.0,24.400000000000002,51.20000000000002,77.0,115.39999999999998,261.80000000000007,1229.0,23.0,64.4,124.40000000000003,182.0,210.2,280.20000000000005,1480.0,533.0,914.0000000000001,2421.600000000001,3927.0,7666.799999999997,12652.800000000003,87374.0,1,3,7,"[""A5018814519"",""A5031493683"",""A5026398494"",""A5075139909"",""A5049608200"",""A5086839429"",""A5046095130""]","[""A5018814519""]","[""A5018814519""]","[""A5018814519""]",A5018814519,A5018814519,false,true
"{""ktp.first_name"": ""Shihua"", ""ktp.last_name"": ""Li""}",9.0,11.0,14.0,33.5,53.0,82.0,574.0,12.0,34.0,128.0,131.0,134.0,136.0,908.0,334.0,1220.0,1467.0,3822.5,6178.0,7624.0,38596.0,1,2,6,"[""A5100618284"",""A5049217145"",""A5100618287"",""A5100618288"",""A5100618286"",""A5103015849""]","[""A5100618284""]","[""A5100618284""]","[""A5100618284""]",A5100618284,A5100618284,false,true
"{""ktp.first_name"": ""Shimon"", ""ktp.last_name"": ""Sakaguchi""}",17.0,126.2,235.4,290.0,344.6,453.8,563.0,8.0,166.60000000000002,325.20000000000005,404.5,483.79999999999995,642.4000000000001,801.0,9910.0,26578.2,43246.4,51580.5,59914.6,76582.8,93251.0,0,2,2,"[""A5025764166"",""A5074195088""]",[],[],[],,,true,true
"{""ktp.first_name"": ""Sonia I"", ""ktp.last_name"": ""Seneviratne""}",,,,,,,,,,,,,,,,,,,,,,0,0,0,[],[],[],[],,,true,true
"{""ktp.first_name"": ""Steven X."", ""ktp.last_name"": ""Ding""}",10.0,86.4,162.8,201.0,239.2,315.6,392.0,1.0,131.00000000000003,261.00000000000006,326.0,390.99999999999994,521.0000000000001,651.0,265.0,6282.0,12299.0,15307.5,18316.0,24333.0,30350.0,0,1,2,"[""A5046071840"",""A5017316799""]",[],[],[],,,true,true
"{""ktp.first_name"": ""Tarik"", ""ktp.last_name"": ""Taleb""}",23.0,100.00000000000001,177.00000000000003,215.5,253.99999999999997,331.00000000000006,408.0,26.0,126.4,226.8,277.0,327.2,427.6,528.0,1029.0,5032.8,9036.6,11038.5,13040.4,17044.2,21048.0,0,1,2,"[""A5087043869"",""A5113689458""]",[],[],[],,,true,true
"{""ktp.first_name"": ""Tasawar"", ""ktp.last_name"": ""Hayat""}",9.0,311.4,613.8,765.0,916.2,1218.6,1521.0,64.0,596.4000000000001,1128.8000000000002,1395.0,1661.1999999999998,2193.6000000000004,2726.0,1703.0,25801.600000000002,49900.200000000004,61949.5,73998.79999999999,98097.40000000001,122196.0,0,1,2,"[""A5068730007"",""A5113566989""]",[],[],[],,,true,true
"{""ktp.first_name"": ""Toren"", ""ktp.last_name"": ""Finkel""}",8.0,82.00000000000001,156.00000000000003,193.0,229.99999999999997,304.00000000000006,378.0,15.0,80.60000000000001,146.20000000000002,179.0,211.79999999999998,277.40000000000003,343.0,1391.0,16683.600000000002,31976.2,39622.5,47268.8,62561.4,77854.0,0,1,2,"[""A5011179194"",""A5103504958""]",[],[],[],,,true,true
"{""ktp.first_name"": ""Uwe"", ""ktp.last_name"": ""Rudolph""}",8.0,31.200000000000003,54.4,66.0,77.6,100.8,124.0,5.0,51.800000000000004,98.60000000000001,122.0,145.4,192.20000000000002,239.0,1877.0,4643.6,7410.2,8793.5,10176.8,12943.4,15710.0,0,1,2,"[""A5036255755"",""A5111840029""]",[],[],[],,,true,true
"{""ktp.first_name"": ""Vince D"", ""ktp.last_name"": ""Calhoun""}",,,,,,,,,,,,,,,,,,,,,,0,0,0,[],[],[],[],,,true,true
"{""ktp.first_name"": ""Weihua"", ""ktp.last_name"": ""Deng""}",21.0,60.6,100.2,120.0,120.6,121.8,123.0,2.0,30.400000000000002,58.800000000000004,73.0,110.6,185.8,261.0,80.0,1474.8000000000002,2869.6000000000004,3567.0,4287.6,5728.8,7170.0,0,2,3,"[""A5110039855"",""A5100844399"",""A5030835613""]",[],[],[],,,true,true
"{""ktp.first_name"": ""Willem M."", ""ktp.last_name"": ""de Vos""}",1.0,257.40000000000003,513.8000000000001,642.0,770.1999999999999,1026.6000000000001,1283.0,3.0,257.4,511.8,639.0,766.2,1020.6,1275.0,559.0,28773.800000000003,56988.600000000006,71096.0,85203.40000000001,113418.20000000001,141633.0,0,1,2,"[""A5054572740"",""A5110193083""]",[],[],[],,,true,true
"{""ktp.first_name"": ""Xiong Wen (David)"", ""ktp.last_name"": ""Lou""}",,,,,,,,,,,,,,,,,,,,,,0,0,0,[],[],[],[],,,true,true
"{""ktp.first_name"": ""Yehuda"", ""ktp.last_name"": ""Shoenfeld""}",7.0,8.8,13.600000000000003,19.0,24.4,250.40000000000018,584.0,23.0,35.0,53.40000000000001,69.0,84.6,1030.6000000000008,2434.0,1185.0,2403.0,3458.0,3822.5,4187.0,39866.40000000003,93021.0,1,1,4,"[""A5074738902"",""A5101720215"",""A5105935780"",""A5108818104""]","[""A5074738902""]","[""A5074738902""]","[""A5074738902""]",A5074738902,A5074738902,false,true
"{""ktp.first_name"": ""Yongqiang"", ""ktp.last_name"": ""Guo""}",1.0,5.200000000000001,9.0,10.5,12.0,77.00000000000006,173.0,16.0,20.200000000000003,23.4,24.0,24.6,54.200000000000024,98.0,58.0,172.0,273.6,312.0,350.4,3924.000000000003,9246.0,1,1,4,"[""A5100758120"",""A5100298247"",""A5069882723"",""A5100758123""]","[""A5100758120""]","[""A5100758120""]","[""A5100758120""]",A5100758120,A5100758120,false,true
"{""ktp.first_name"": ""Younan"", ""ktp.last_name"": ""Xia""}",10.0,513.4000000000001,1016.8000000000001,1268.5,1520.2,2023.6000000000001,2527.0,10.0,242.60000000000002,475.20000000000005,591.5,707.8,940.4000000000001,1173.0,745.0,39017.4,77289.8,96426.0,115562.2,153834.6,192107.0,0,1,2,"[""A5041556229"",""A5108772240""]",[],[],[],,,true,true
"{""ktp.first_name"": ""Yulin"", ""ktp.last_name"": ""Chen""}",1.0,3.4000000000000004,6.0,6.5,13.399999999999995,70.20000000000002,490.0,2.0,30.200000000000003,37.6,44.0,61.39999999999999,106.00000000000001,1347.0,16.0,226.00000000000006,403.20000000000005,478.5,745.9999999999999,2421.800000000002,49138.0,3,4,18,"[""A5100383082"",""A5100398890"",""A5100398894"",""A5100398899"",""A5100398893"",""A5100398898"",""A5102019281"",""A5113614437"",""A5100398900"",""A5100398891"",""A5100398903"",""A5101691825"",""A5100398892"",""A5100398901"",""A5102019280"",""A5056351628"",""A5025612874"",""A5081785242""]","[""A5100383082"",""A5100398894""]","[""A5100383082"",""A5100398890"",""A5100398894""]","[""A5100383082"",""A5100398890"",""A5100398894""]",,A5100383082,true,false
"{""ktp.first_name"": ""Zhijun"", ""ktp.last_name"": ""Li""}",1.0,4.0,7.0,8.0,12.399999999999999,57.80000000000004,429.0,8.0,24.8,47.400000000000006,81.5,92.8,174.40000000000003,965.0,79.0,393.8,467.00000000000006,876.0,1165.6,3130.8000000000006,19763.0,6,4,22,"[""A5100450024"",""A5100450021"",""A5100450023"",""A5108029544"",""A5100450033"",""A5100450018"",""A5110522298"",""A5103195339"",""A5026370985"",""A5100450020"",""A5100450015"",""A5100450032"",""A5101475905"",""A5100450012"",""A5100450016"",""A5101475909"",""A5100450027"",""A5100450031"",""A5100450014"",""A5100450038"",""A5004983615"",""A5104167434""]","[""A5100450024"",""A5100450023"",""A5108029544"",""A5100450033"",""A5100450032""]","[""A5100450024"",""A5100450021""]","[""A5100450024"",""A5100450023"",""A5108029544""]",,A5100450024,true,false
"{""ktp.first_name"": ""Zhiqun"", ""ktp.last_name"": ""Lin""}",382.0,467.0,552.0,594.5,637.0,722.0,807.0,263.0,345.20000000000005,427.40000000000003,468.5,509.59999999999997,591.8000000000001,674.0,15854.0,20636.600000000002,25419.2,27810.5,30201.8,34984.4,39767.0,0,2,2,"[""A5009534643"",""A5013357576""]",[],[],[],,,true,true
